,The Matrix,Inception,Interstellar,The Godfather,The Dark Knight,Pulp Fiction,Fight Club,Forrest Gump,Gladiator,Avatar
User1,0,1,0,0,0,1,0,0,0,1
User2,0,0,0,0,1,0,1,1,1,0
User3,1,0,1,1,1,1,1,1,1,1
User4,0,0,1,1,1,0,1,0,0,0
User5,0,0,1,1,1,1,1,0,1,1
User6,0,1,0,1,0,1,1,0,0,0
User7,0,0,0,0,0,1,1,0,1,1
User8,1,1,0,1,0,1,1,1,0,1
User9,0,1,0,1,0,0,1,0,1,1
User10,1,1,1,1,1,1,1,1,1,0
User11,0,1,1,1,1,1,1,1,1,0
User12,1,0,1,1,0,1,0,1,1,0
User13,1,0,1,0,0,1,1,0,1,1
User14,1,0,0,0,0,0,0,0,0,0
User15,1,0,1,1,1,0,0,0,0,1
User16,0,0,0,0,0,1,0,1,0,1
User17,0,0,1,1,1,0,1,0,0,1
User18,1,0,0,1,1,1,0,0,0,0
User19,0,0,1,0,0,0,1,0,0,1
User20,0,0,0,0,0,1,1,1,0,0
User21,0,1,0,0,1,0,1,1,1,0
User22,0,0,0,0,0,0,1,0,1,0
User23,0,0,1,1,1,1,0,1,0,0
User24,1,1,1,1,1,1,1,1,0,1
User25,1,0,1,0,0,1,0,0,0,0
User26,1,0,1,0,0,0,0,1,1,0
User27,0,1,0,0,0,1,1,1,0,0
User28,1,1,1,1,0,1,0,1,0,1
User29,1,1,1,0,1,0,0,0,0,1
User30,0,0,0,1,1,1,1,0,0,1
User31,0,0,0,1,1,0,1,1,1,1
User32,1,0,1,0,0,1,0,0,0,1
User33,1,0,1,1,1,1,0,0,1,1
User34,0,0,1,0,1,1,0,0,1,1
User35,0,1,0,1,0,0,0,1,1,0
User36,1,0,0,1,1,0,1,1,0,0
User37,1,0,0,1,0,0,1,1,0,0
User38,1,1,1,1,0,1,1,0,1,0
User39,1,1,1,0,0,1,0,0,0,0
User40,0,0,1,1,0,1,1,1,1,0
User41,1,1,0,0,1,1,1,1,1,1
User42,0,1,1,0,0,0,0,1,1,1
User43,1,1,1,0,1,0,0,1,0,1
User44,0,1,0,1,1,1,1,1,0,0
User45,0,1,0,1,1,0,0,1,0,1
User46,1,1,1,1,0,0,1,1,0,0
User47,1,0,1,0,1,0,1,0,0,1
User48,0,1,0,1,0,1,0,1,0,1
User49,1,1,0,1,0,1,0,1,0,0
User50,1,0,0,1,0,0,0,1,0,1
User51,0,0,0,1,0,0,1,0,1,1
User52,0,1,0,1,1,0,1,1,1,1
User53,1,0,1,0,1,0,0,1,1,1
User54,0,1,0,0,0,1,1,0,0,1
User55,0,1,0,1,0,1,0,1,1,0
User56,0,1,0,1,0,1,1,1,1,1
User57,1,0,0,0,1,1,1,1,0,0
User58,1,0,0,1,0,1,0,1,1,1
User59,1,0,1,1,1,0,1,0,1,0
User60,0,1,0,1,1,1,0,0,1,1
User61,0,1,1,1,0,0,0,1,1,1
User62,0,1,1,1,1,0,0,1,0,0
User63,1,1,0,1,0,1,0,1,0,0
User64,0,1,0,0,1,1,0,0,1,1
User65,1,1,1,0,1,0,0,0,1,0
User66,0,1,0,0,1,0,0,0,1,1
User67,1,0,0,1,0,0,1,1,0,0
User68,0,1,1,1,1,0,1,1,1,1
User69,1,0,0,1,0,1,1,0,0,1
User70,1,1,0,1,1,1,0,1,1,0
User71,1,1,0,1,0,0,1,1,1,1
User72,0,1,0,1,1,1,0,1,1,1
User73,1,0,1,0,0,0,0,0,0,1
User74,0,0,0,1,1,0,1,0,0,1
User75,0,1,1,0,0,1,0,0,0,1
User76,1,0,1,1,1,1,1,0,0,0
User77,1,1,0,1,0,0,0,1,1,0
User78,0,0,0,1,1,0,0,1,1,0
User79,0,0,1,1,1,0,0,1,1,0
User80,1,1,0,1,0,0,0,0,0,0
User81,0,1,0,0,1,1,1,0,1,0
User82,0,0,0,1,1,0,0,0,1,0
User83,0,1,1,0,1,1,0,1,0,1
User84,0,0,0,1,0,1,0,0,1,0
User85,0,1,0,0,0,0,1,1,0,1
User86,0,1,0,0,0,0,0,0,1,0
User87,1,0,1,1,1,0,0,1,0,1
User88,0,1,1,0,1,0,1,1,0,0
User89,0,1,0,1,1,0,0,1,1,0
User90,0,0,0,0,1,1,1,1,0,0
User91,0,1,1,0,0,1,1,0,0,1
User92,0,0,0,1,1,1,1,1,1,1
User93,0,0,0,0,0,0,0,1,1,0
User94,0,1,0,0,1,0,1,0,1,1
User95,1,0,1,0,0,0,0,1,1,0
User96,0,1,0,1,0,0,1,0,1,0
User97,0,0,1,0,0,0,0,1,1,0
User98,1,0,0,0,1,1,1,1,1,1
User99,1,1,1,0,1,1,1,1,1,1
User100,1,1,1,1,1,0,0,1,1,0
